anchor_text,target_page_id,count
Gandalf,53221,12
Gimli,20599055,7
Frodo,23140032,6
Legolas,23140382,6
Frodo Baggins,23140032,6
Boromir,61599,6
Merry Brandybuck,21920404,4
Pippin Took,21920479,3
Samwise Gamgee,62320,2
character,76749,1
Pippin,21920479,1
Sam,62320,1
fictional character,76749,1
